Loan_ID,Gender,Married,Dependents,Education,Self_Employed,ApplicantIncome,CoapplicantIncome,LoanAmount,Loan_Amount_Term,Credit_History,Property_Area,Total_Income,Monthly_Payments,LoanAmount_Log,Applicant_Income_Log,Total_Income_Log,Prediction,probability of denial,probability of acceptance
LP001015,1,1,0,1,0,5720,0,110,360,1,2,5720,-1.1856236656577395,4.700480365792417,8.651724084373843,8.651724084373843,1,0.18162788509659722,0.8183721149034028
LP001022,1,1,1,1,0,3076,1500,126,360,1,2,4576,-1.0498221244986778,4.836281906951478,8.031385330625534,8.428580533059634,1,0.13419302514583598,0.865806974854164
LP001031,1,1,2,1,0,5000,1800,208,360,1,2,6800,-0.5485659517488378,5.337538079701318,8.517193191416238,8.824677891164198,1,0.11260208344575529,0.8873979165542447
LP001035,1,1,2,1,0,2340,2546,100,360,0,2,4886,-1.2809338454620642,4.605170185988092,7.757906208351747,8.494129251817686,1,0.3763801437727541,0.6236198562272459
LP001051,1,0,0,0,0,3276,0,78,360,1,2,3276,-1.529395204760564,4.356708826689592,8.09437844497296,8.09437844497296,1,0.27806016498775743,0.7219398350122426
LP001054,1,1,0,0,1,2165,3422,152,360,1,2,5587,-0.8622235106038793,5.0238805208462765,7.68017564043659,8.628197749459149,1,0.2350018609079919,0.7649981390920081
LP001055,0,0,1,0,0,2226,0,59,360,1,1,2226,-1.8085665875444363,4.07753744390572,7.70796153183549,7.70796153183549,1,0.21986579274676976,0.7801342072532302
LP001056,1,1,2,0,0,3881,0,147,360,0,0,3881,-0.8956714446714193,4.990432586778736,8.263848131368906,8.263848131368906,0,0.5229184595842211,0.4770815404157788
LP001059,1,1,2,1,0,13633,0,280,240,1,2,13633,0.15415067982725836,5.634789603169249,9.520248603186129,9.520248603186129,1,0.13769020695428968,0.8623097930457103
LP001067,1,0,0,0,0,2400,2400,123,360,1,1,4800,-1.073919676077738,4.812184355372417,7.783224016336037,8.476371196895983,1,0.3281627596989244,0.6718372403010756
LP001078,1,0,0,0,0,3091,0,90,360,1,2,3091,-1.3862943611198906,4.499809670330265,8.036249942132116,8.036249942132116,1,0.2840225459738802,0.7159774540261198
LP001082,1,1,1,1,0,2185,1516,162,360,1,1,3701,-0.7985076962177716,5.087596335232384,7.68937110752969,8.216358332386156,1,0.15126013911376135,0.8487398608862387
LP001083,1,0,3,1,0,4166,0,40,180,0,2,4166,-1.5040773967762742,3.6888794541139363,8.334711621820917,8.334711621820917,1,0.3796331727662663,0.6203668272337337
LP001094,1,1,2,1,0,12173,0,166,360,0,1,12173,-0.7741162430936124,5.111987788356544,9.406975663409597,9.406975663409597,1,0.46751027260217737,0.5324897273978226
LP001096,0,0,0,1,0,4666,0,124,360,1,1,4666,-1.0658224658451187,4.820281565605037,8.448057452581375,8.448057452581375,1,0.2835240283491136,0.7164759716508864
LP001099,1,0,1,1,0,5667,0,131,360,1,2,5667,-1.0109067082490042,4.875197323201151,8.64241515616962,8.64241515616962,1,0.1993898631152552,0.8006101368847448
LP001105,1,1,2,1,0,4583,2916,200,360,1,2,7499,-0.587786664902119,5.298317366548036,8.430109084509125,8.92252495730139,1,0.11334415555467259,0.8866558444453274
LP001107,1,1,3,1,0,3786,333,126,360,1,1,4119,-1.0498221244986778,4.836281906951478,8.239065331769268,8.323365694436081,1,0.08001732808965567,0.9199826719103443
LP001108,1,1,0,1,0,9226,7916,300,360,1,2,17142,-0.1823215567939546,5.703782474656201,9.129780864117766,9.749286871458828,1,0.2512607509642646,0.7487392490357354
LP001115,1,0,0,1,0,1300,3470,100,180,1,1,4770,-0.587786664902119,4.605170185988092,7.170119543449628,8.470101583882387,1,0.28668117663892845,0.7133188233610716
LP001121,1,1,1,0,0,1888,1620,48,360,1,2,3508,-2.0149030205422647,3.871201010907891,7.543273346705446,8.162801353492073,1,0.13112450440491918,0.8688754955950808
LP001124,0,0,3,0,0,2083,0,28,180,1,2,2083,-1.8607523407150064,3.332204510175204,7.641564441260972,7.641564441260972,1,0.10457745900511817,0.8954225409948818
LP001128,1,0,0,1,0,3909,0,101,360,1,2,3909,-1.2709835146088961,4.61512051684126,8.271036865792954,8.271036865792954,1,0.24350996605599007,0.7564900339440099
LP001135,0,0,0,0,0,3765,0,125,360,1,2,3765,-1.0577902941478545,4.8283137373023015,8.233503140233994,8.233503140233994,1,0.30730747071107234,0.6926925292889277
LP001149,1,1,0,1,0,5400,4380,290,360,1,2,9780,-0.21622310846963594,5.66988092298052,8.594154232552366,9.188094763028863,1,0.22196768489058716,0.7780323151094128
LP001153,1,0,0,1,0,0,24000,148,360,0,0,24000,-0.8888917576860407,4.997212273764115,0.0,10.085809109330082,0,0.6450727710069494,0.3549272289930506
LP001163,1,1,2,1,0,4363,1250,140,360,0,2,5613,-0.9444616088408514,4.941642422609304,8.38091517312361,8.6328406149422,1,0.40384823599167474,0.5961517640083253
LP001169,1,1,0,1,0,7500,3750,275,360,1,2,11250,-0.26933293378358447,5.616771097666572,8.922658299524402,9.328123407632566,1,0.22598274430936238,0.7740172556906376
LP001174,1,1,0,1,0,3772,833,57,360,0,1,4605,-1.8430527636156055,4.04305126783455,8.235360643753348,8.434897948689407,0,0.5502608995459725,0.44973910045402754
LP001176,1,0,0,1,0,2942,2382,125,180,1,2,5324,-0.3646431135879093,4.8283137373023015,7.9868449011613825,8.579980179515003,1,0.2853700528352566,0.7146299471647434
LP001177,0,0,0,0,0,2478,0,75,360,1,1,2478,-1.5686159179138452,4.31748811353631,7.815207062189088,7.815207062189088,1,0.3005280225359268,0.6994719774640732
LP001183,1,1,2,1,0,6250,820,192,360,1,2,7070,-0.6286086594223742,5.2574953720277815,8.740336742730447,8.863615758890619,1,0.11186991936638835,0.8881300806336117
LP001185,1,0,0,1,0,3268,1683,152,360,1,1,4951,-0.8622235106038793,5.0238805208462765,8.091933455979893,8.507344855361422,1,0.28674049774583044,0.7132595022541696
LP001187,1,1,0,1,0,2783,2708,158,360,1,2,5491,-0.8235089984231889,5.062595033026967,7.931284761525891,8.610865667278873,1,0.18911906528699374,0.8108809347130063
LP001190,1,1,0,1,0,2740,1541,101,360,1,2,4281,-1.2709835146088961,4.61512051684126,7.9157131993821155,8.361941906144946,1,0.17175812078684627,0.8282418792131537
LP001203,1,0,0,1,0,3150,0,176,360,0,1,3150,-0.7156200364120039,5.170483995038151,8.055157731819678,8.055157731819678,0,0.7020322930387354,0.2979677069612646
LP001208,1,1,2,1,0,7350,4029,185,180,1,2,11379,0.027398974188114347,5.220355825078324,8.902455592206882,9.339524830357009,1,0.13825568879430694,0.8617443112056931
LP001210,1,1,0,1,1,2267,2792,90,360,1,2,5059,-1.3862943611198906,4.499809670330265,7.726212650507529,8.528924114291936,1,0.17378627799304036,0.8262137220069596
LP001211,1,0,0,1,1,5833,0,116,360,1,2,5833,-1.1325138403437909,4.7535901911063645,8.671286726753637,8.671286726753637,1,0.26449496861852906,0.7355050313814709
LP001219,1,0,0,1,0,3643,1963,138,360,1,2,5606,-0.958850346292951,4.927253685157205,8.200562797008564,8.631592731724734,1,0.26161358662487344,0.7383864133751266
LP001220,1,1,0,1,0,5629,818,100,360,1,2,6447,-1.2809338454620642,4.605170185988092,8.635687085464026,8.77137018531062,1,0.18058523555385775,0.8194147644461423
LP001221,0,0,0,1,0,3644,0,110,360,1,2,3644,-1.1856236656577395,4.700480365792417,8.200837258379849,8.200837258379849,1,0.24948608802819405,0.750513911971806
LP001226,1,1,0,0,0,1750,2024,90,360,1,1,3774,-1.3862943611198906,4.499809670330265,7.4673710669175595,8.235890725928495,1,0.2215348560867847,0.7784651439132153
LP001230,1,0,0,1,0,6500,2600,200,360,1,1,9100,-0.587786664902119,5.298317366548036,8.779557455883728,9.116029692504942,1,0.31763006114959635,0.6823699388504036
LP001231,0,0,0,1,0,3666,0,84,360,1,2,3666,-1.455287232606842,4.430816798843313,8.20685642839965,8.20685642839965,1,0.2379765572524809,0.7620234427475191
LP001232,1,1,0,1,0,4260,3900,185,360,0,2,8160,-0.665748206371831,5.220355825078324,8.357024439263416,9.006999447958153,0,0.6029793720648533,0.39702062793514664
LP001237,1,1,0,0,0,4163,1475,162,360,1,2,5638,-0.7985076962177716,5.087596335232384,8.333991247194975,8.637284671674058,1,0.23621308576332134,0.7637869142366787
LP001242,1,0,0,0,0,2356,1902,108,360,1,1,4258,-1.2039728043259361,4.68213122712422,7.764720544771477,8.356554845453426,1,0.31955537360450437,0.6804446263954956
LP001268,1,0,0,1,0,6792,3338,187,360,1,2,10130,-0.654995414595569,5.231108616854587,8.823500727991183,9.22325659724273,1,0.29373494153722746,0.7062650584627725
LP001270,1,1,3,0,1,8000,250,187,360,1,1,8250,-0.654995414595569,5.231108616854587,8.987196820661973,9.017968479328726,1,0.12033873593899935,0.8796612640610006
LP001284,1,1,1,1,0,2419,1707,124,360,1,2,4126,-1.0658224658451187,4.820281565605037,7.791109510610028,8.325063693631197,1,0.13135516963732685,0.8686448303626731
LP001287,1,1,3,0,0,3500,833,120,360,1,1,4333,-1.0986122886681098,4.787491742782046,8.160518247477505,8.374015421739909,1,0.10026228502306533,0.8997377149769347
LP001291,1,1,1,1,0,3500,3077,160,360,1,1,6577,-0.8109302162163288,5.075173815233827,8.160518247477505,8.79133399330135,1,0.1613996149954906,0.8386003850045094
LP001298,1,1,2,1,0,4116,1000,30,180,1,2,5116,-1.791759469228055,3.4011973816621555,8.32263709695394,8.540128162698734,1,0.08277349430683845,0.9172265056931616
LP001312,1,1,0,0,1,5293,0,92,360,1,2,5293,-1.3643154544011153,4.5217885770490405,8.574140471857987,8.574140471857987,1,0.22125780140323303,0.778742198596767
LP001313,1,0,0,1,0,2750,0,130,360,0,2,2750,-1.0185695809945732,4.867534450455582,7.919356190660617,7.919356190660617,0,0.6597723116787634,0.3402276883212366
LP001317,0,0,0,0,0,4402,0,130,360,1,0,4402,-1.0185695809945732,4.867534450455582,8.389814262086407,8.389814262086407,1,0.3679255733271426,0.6320744266728574
LP001321,1,1,2,1,0,3613,3539,134,180,1,1,7152,-0.29511705093929896,4.897839799950911,8.19229373114764,8.87514731685335,1,0.13405043803888272,0.8659495619611173
LP001323,0,1,2,1,0,2779,3664,176,360,0,1,6443,-0.7156200364120039,5.170483995038151,7.929846429742503,8.770749549138642,1,0.4491143877522209,0.5508856122477791
LP001324,1,1,3,1,0,4720,0,90,180,1,1,4720,-0.6931471805599453,4.499809670330265,8.459564078579602,8.459564078579602,1,0.08733116805372143,0.9126688319462786
LP001332,1,1,0,0,0,2415,1721,110,360,1,1,4136,-1.1856236656577395,4.700480365792417,7.789454566086673,8.327484416188264,1,0.2346868069789968,0.7653131930210032
LP001335,1,1,0,1,1,7016,292,125,360,1,2,7308,-1.0577902941478545,4.8283137373023015,8.855948534052018,8.896724917497897,1,0.19634696119217343,0.8036530388078266
LP001338,0,0,2,1,0,4968,0,189,360,1,1,4968,-0.6443570163905132,5.241747015059643,8.510772623613315,8.510772623613315,1,0.1761471580955618,0.8238528419044382
LP001347,0,0,0,1,0,2101,1500,108,360,0,0,3601,-1.2039728043259361,4.68213122712422,7.650168700845001,8.188966863648876,0,0.7076691585883579,0.2923308414116421
LP001348,1,1,3,0,0,4490,0,125,360,1,2,4490,-1.0577902941478545,4.8283137373023015,8.4096079807363,8.4096079807363,1,0.09119264144370998,0.90880735855629
LP001351,1,1,0,1,0,2917,3583,138,360,1,1,6500,-0.958850346292951,4.927253685157205,7.978310969867722,8.779557455883728,1,0.2082487987055247,0.7917512012944753
LP001352,1,1,0,0,0,4700,0,135,360,0,1,4700,-0.9808292530117262,4.90527477843843,8.45531778769815,8.45531778769815,0,0.6619606460008669,0.33803935399913304
LP001358,1,1,0,1,0,3445,0,130,360,0,1,3445,-1.0185695809945732,4.867534450455582,8.144679183447758,8.144679183447758,0,0.5930726302577414,0.40692736974225857
LP001359,1,1,0,1,0,7666,0,187,360,1,1,7666,-0.654995414595569,5.231108616854587,8.9445502459405,8.9445502459405,1,0.22404112374583451,0.7759588762541655
LP001361,1,1,0,1,0,2458,5105,188,360,0,0,7563,-0.6496620686202064,5.236441962829949,7.80710329012598,8.93102321585603,0,0.6527066552054602,0.34729334479453977
LP001366,0,0,0,1,0,3250,0,95,360,1,1,3250,-1.3322271398496148,4.553876891600541,8.086410275323782,8.086410275323782,1,0.2647579123516677,0.7352420876483323
LP001368,1,0,0,1,0,4463,0,65,360,1,1,4463,-1.7117167615545186,4.174387269895637,8.40357646462927,8.40357646462927,1,0.2489504681991701,0.7510495318008299
LP001375,1,1,1,1,0,4083,1775,139,60,1,2,5858,0.8401293709085912,4.9344739331306915,8.314587291319576,8.675563527387679,1,0.18491315294354926,0.8150868470564507
LP001380,1,1,0,1,1,3900,2094,232,360,1,0,5994,-0.43936665978384565,5.44673737166631,8.268731832117737,8.69851424787661,1,0.25336227705048586,0.7466377229495141
LP001386,1,1,0,0,0,4750,3583,144,360,1,1,8333,-0.916290731874155,4.969813299576001,8.465899897028686,9.027978814382207,1,0.26643440827954346,0.7335655917204565
LP001400,1,0,0,1,0,3583,3435,155,360,1,2,7018,-0.842678914530909,5.043425116919247,8.183955717304954,8.85623355614316,1,0.2715854137238912,0.7284145862761088
LP001407,1,1,0,1,0,3189,2367,186,360,1,2,5556,-0.6603573577369544,5.225746673713202,8.067462667010057,8.622633703874234,1,0.19492906780131458,0.8050709321986854
LP001413,1,0,0,1,1,6356,0,50,360,1,0,6356,-1.9740810260220096,3.912023005428146,8.757154527656606,8.757154527656606,1,0.27436421998343097,0.725635780016569
LP001415,1,1,1,1,0,3413,4053,125,360,1,1,7466,-1.0577902941478545,4.8283137373023015,8.135346948906706,8.91811465947453,1,0.15713141210207504,0.842868587897925
LP001419,0,1,0,1,0,7950,0,185,360,1,2,7950,-0.665748206371831,5.220355825078324,8.980927207648378,8.980927207648378,1,0.20680491082394026,0.7931950891760597
LP001420,1,1,3,1,0,3829,1103,163,360,0,2,4932,-0.7923538306433934,5.093750200806762,8.250358951477294,8.503499864284235,1,0.3256196996344618,0.6743803003655382
LP001428,1,1,3,1,0,72529,0,360,360,1,2,72529,0.0,5.886104031450156,11.191741760864094,11.191741760864094,1,0.15113681727265327,0.8488631827273467
LP001445,1,1,2,0,0,4136,0,149,480,0,0,4136,-1.1698397979564774,5.003946305945459,8.327484416188264,8.327484416188264,0,0.5037800997140711,0.4962199002859289
LP001446,1,1,0,1,0,8449,0,257,360,1,0,8449,-0.33702794655493584,5.54907608489522,9.041803370152845,9.041803370152845,1,0.2572675787011569,0.7427324212988431
LP001450,1,1,0,1,0,4456,0,131,180,0,1,4456,-0.31775952768905885,4.875197323201151,8.40200678160712,8.40200678160712,0,0.6360309242415886,0.3639690757584114
LP001452,1,1,2,1,0,4635,8000,102,180,1,0,12635,-0.5679840376059393,4.624972813284271,8.441391477999955,9.444226019822295,1,0.1585480251181235,0.8414519748818765
LP001455,1,1,0,1,0,3571,1917,135,360,1,2,5488,-0.9808292530117262,4.90527477843843,8.18060094759445,8.610319169405722,1,0.18618335910303518,0.8138166408969648
LP001466,1,0,0,1,0,3066,0,95,360,1,1,3066,-1.3322271398496148,4.553876891600541,8.028129059431759,8.028129059431759,1,0.2599873821383878,0.7400126178616122
LP001471,1,0,2,0,0,3235,2015,77,360,1,1,5250,-1.542298609596472,4.343805421853684,8.081784206935001,8.565983355585669,1,0.18191951667860362,0.8180804833213964
LP001472,0,0,0,1,0,5058,0,200,360,1,0,5058,-0.587786664902119,5.298317366548036,8.52872642722991,8.52872642722991,1,0.3307722430930631,0.6692277569069369
LP001475,1,1,0,1,1,3188,2286,130,360,0,0,5474,-1.0185695809945732,4.867534450455582,8.067149039910106,8.607764889600624,0,0.639056223794311,0.36094377620568896
LP001483,1,1,3,1,0,13518,0,390,360,1,0,13518,0.08004270767353636,5.966146739123692,9.511777409660299,9.511777409660299,1,0.11752585527054915,0.8824741447294508
LP001486,1,1,1,1,0,4364,2500,185,360,1,1,6864,-0.665748206371831,5.220355825078324,8.381144346952961,8.834045641167798,1,0.16675626256106957,0.8332437374389304
LP001490,1,1,2,0,0,4766,1646,100,360,1,1,6412,-1.2809338454620642,4.605170185988092,8.469262657658687,8.765926513729443,1,0.1376057858127725,0.8623942141872275
LP001496,1,1,1,1,0,4609,2333,123,360,0,1,6942,-1.073919676077738,4.812184355372417,8.435766192720509,8.845345196421732,0,0.5217926822098381,0.4782073177901619
LP001499,0,1,3,1,0,6260,0,110,360,1,1,6260,-1.1856236656577395,4.700480365792417,8.741935464094144,8.741935464094144,1,0.08271046880109767,0.9172895311989023
LP001500,1,1,1,1,0,3333,4200,256,360,1,2,7533,-0.3409265869705932,5.545177444479562,8.11162807830774,8.927048647825695,1,0.1569813432571867,0.8430186567428133
LP001501,1,1,0,1,0,3500,3250,140,360,1,1,6750,-0.9444616088408514,4.941642422609304,8.160518247477505,8.817297783866575,1,0.21100330297054515,0.7889966970294549
LP001517,1,1,3,1,0,9719,0,61,360,1,2,9719,-1.7752301672768445,4.110873864173311,9.181838011503471,9.181838011503471,1,0.06670053367245354,0.9332994663275465
LP001527,1,1,3,1,0,6835,0,188,360,0,1,6835,-0.6496620686202064,5.236441962829949,8.82981174915805,8.82981174915805,1,0.36885449618008204,0.631145503819918
LP001534,1,0,0,1,0,4452,0,131,360,1,0,4452,-1.0109067082490042,4.875197323201151,8.401108712395436,8.401108712395436,1,0.30673193035609203,0.693268069643908
LP001542,0,1,0,1,0,2262,0,125,480,0,1,2262,-1.3454723665996353,4.8283137373023015,7.724004656676065,7.724004656676065,0,0.5660332564732111,0.43396674352678893
LP001547,1,1,1,1,0,3901,0,116,360,1,2,3901,-1.1325138403437909,4.7535901911063645,8.268988209506656,8.268988209506656,1,0.13195066705909908,0.8680493329409009
LP001548,1,1,2,0,0,2687,0,50,180,1,0,2687,-1.2809338454620642,3.912023005428146,7.8961806086154915,7.8961806086154915,1,0.13998102863867712,0.8600189713613229
LP001558,1,0,0,1,0,2243,2233,107,360,0,1,4476,-1.2132751969882496,4.672828834461906,7.715569534520208,8.406485069431817,0,0.6807454484899216,0.31925455151007837
LP001561,0,1,0,1,0,3417,1287,200,360,1,1,4704,-0.587786664902119,5.298317366548036,8.136518252115291,8.456168489578463,1,0.21827442973638367,0.7817255702636163
LP001563,1,0,0,1,0,1596,1760,119,360,0,2,3356,-1.1069805383386264,4.77912349311153,7.3752557780097545,8.118505067587098,0,0.6488310241087298,0.3511689758912702
LP001567,1,1,3,1,0,4513,0,120,360,1,0,4513,-1.0986122886681098,4.787491742782046,8.414717399827001,8.414717399827001,1,0.0897412858643799,0.9102587141356201
LP001568,1,1,0,1,0,4500,0,140,360,1,1,4500,-0.9444616088408514,4.941642422609304,8.411832675758411,8.411832675758411,1,0.2051027481932144,0.7948972518067856
LP001573,1,1,0,0,0,4523,1350,165,360,1,2,5873,-0.7801585575495751,5.10594547390058,8.416930769477844,8.67812085552252,1,0.2380223320123579,0.7619776679876421
LP001584,0,0,0,1,1,4742,0,108,360,1,1,4742,-1.2039728043259361,4.68213122712422,8.464214266625351,8.464214266625351,1,0.2855944221927055,0.7144055778072945
LP001587,1,1,0,1,0,4082,0,93,360,1,1,4082,-1.3535045382968995,4.532599493153256,8.31434234336979,8.31434234336979,1,0.18933229193364898,0.810667708066351
LP001589,0,0,0,1,0,3417,0,102,360,1,2,3417,-1.2611312181658847,4.624972813284271,8.136518252115291,8.136518252115291,1,0.2451904493683832,0.7548095506316168
LP001591,0,1,2,1,0,2922,3396,122,360,1,1,6318,-1.082082986716899,4.804021044733257,7.980023592310645,8.75115798136203,1,0.11421909294031019,0.8857809070596898
LP001599,1,1,0,1,0,4167,4754,160,360,1,0,8921,-0.8109302162163288,5.075173815233827,8.334951631422454,9.096163326913784,1,0.24681513223981544,0.7531848677601846
LP001601,1,0,3,1,0,4243,4123,157,360,0,1,8366,-0.8298582261018476,5.056245805348308,8.353025845202325,9.031931152002144,1,0.47316987685855383,0.5268301231414462
LP001607,0,0,0,0,0,0,1760,180,360,1,1,1760,-0.6931471805599453,5.19295685089021,0.0,7.473069088032197,1,0.18561570386816995,0.81438429613183
LP001611,1,1,1,1,0,1516,2900,80,360,0,0,4416,-1.5040773967762742,4.382026634673881,7.323830566202317,8.392989587956931,0,0.5003453448810903,0.4996546551189097
LP001613,0,0,0,1,0,1762,2666,104,360,0,2,4428,-1.241713132308783,4.6443908991413725,7.474204806496124,8.395703293828527,0,0.6520435562803881,0.34795644371961193
LP001622,1,1,2,1,0,724,3510,213,360,0,0,4234,-0.5248118657407306,5.3612921657094255,6.584791392385716,8.350902451694811,1,0.44557327895423815,0.5544267210457618
LP001627,1,0,0,1,0,3125,0,65,360,1,2,3125,-1.7117167615545186,4.174387269895637,8.047189562170502,8.047189562170502,1,0.22064508142373485,0.7793549185762652
LP001650,1,1,0,1,0,2333,3803,146,360,1,0,6136,-0.9024974097418192,4.983606621708336,7.75491027202143,8.721928343047091,1,0.22783146628569206,0.7721685337143079
LP001651,1,1,3,1,0,3350,1560,135,360,1,2,4910,-0.9808292530117262,4.90527477843843,8.116715624819111,8.499029220788566,1,0.0729135158042733,0.9270864841957267
LP001652,1,0,0,1,0,2500,6414,187,360,0,0,8914,-0.654995414595569,5.231108616854587,7.824046010856292,9.0953783535065,0,0.7485058703026348,0.2514941296973652
LP001655,0,0,0,1,0,12500,0,300,360,0,2,12500,-0.1823215567939546,5.703782474656201,9.433483923290392,9.433483923290392,0,0.7279753106859914,0.27202468931400864
LP001660,1,0,0,1,0,4667,0,120,360,1,1,4667,-1.0986122886681098,4.787491742782046,8.448271745949816,8.448271745949816,1,0.2781830493652475,0.7218169506347525
LP001662,1,0,0,1,0,6500,0,71,360,0,2,6500,-1.6234241544088404,4.2626798770413155,8.779557455883728,8.779557455883728,0,0.6470853661449645,0.3529146338550355
LP001663,1,1,2,1,0,7500,0,225,360,1,2,7500,-0.4700036292457356,5.41610040220442,8.922658299524402,8.922658299524402,1,0.11473264937450744,0.8852673506254926
LP001667,1,0,0,1,0,3073,0,70,180,1,2,3073,-0.9444616088408514,4.248495242049359,8.030409562130485,8.030409562130485,1,0.25176720126174934,0.7482327987382507
LP001695,1,1,1,0,0,3321,2088,70,360,1,1,5409,-1.6376087894007967,4.248495242049359,8.108021221376747,8.595819511871428,1,0.16777472959302708,0.8322252704069729
LP001703,1,1,0,1,0,3333,1270,124,360,1,2,4603,-1.0658224658451187,4.820281565605037,8.11162807830774,8.434463543817241,1,0.1806200181066424,0.8193799818933576
LP001718,1,0,0,1,0,3391,0,132,360,1,0,3391,-1.0033021088637848,4.882801922586371,8.128880142125638,8.128880142125638,1,0.30157964265917137,0.6984203573408286
LP001728,1,1,1,1,1,3343,1517,105,360,1,0,4860,-1.2321436812926323,4.653960350157523,8.114623886420098,8.48879371689454,1,0.16681180663937545,0.8331881933606246
LP001735,0,0,1,1,0,3620,0,90,360,1,2,3620,-1.3862943611198906,4.499809670330265,8.194229304819817,8.194229304819817,1,0.18245625249977238,0.8175437475002276
LP001737,1,0,0,1,0,4000,0,83,84,1,2,4000,-0.01197619104671565,4.418840607796598,8.294049640102028,8.294049640102028,1,0.28929533784795636,0.7107046621520436
LP001739,1,1,0,1,0,4258,0,125,360,1,2,4258,-1.0577902941478545,4.8283137373023015,8.356554845453426,8.356554845453426,1,0.18126440548235323,0.8187355945176468
LP001742,1,1,2,1,0,4500,0,147,360,1,0,4500,-0.8956714446714193,4.990432586778736,8.411832675758411,8.411832675758411,1,0.1274543728701958,0.8725456271298042
LP001757,1,1,1,1,0,2014,2925,120,360,1,0,4939,-1.0986122886681098,4.787491742782046,7.607878073278507,8.504918160540624,1,0.16168096138924748,0.8383190386107525
LP001769,1,0,0,1,0,3333,1250,110,360,1,1,4583,-1.1856236656577395,4.700480365792417,8.11162807830774,8.430109084509125,1,0.271949459777852,0.728050540222148
LP001771,0,0,3,1,0,4083,0,103,360,0,1,4083,-1.25137504322052,4.634728988229636,8.314587291319576,8.314587291319576,1,0.43453837441179766,0.5654616255882023
LP001785,1,0,0,1,0,4727,0,150,360,0,0,4727,-0.8754687373538999,5.0106352940962555,8.461046030793236,8.461046030793236,0,0.7291023365703939,0.2708976634296061
LP001787,1,1,3,1,0,3089,2999,100,240,1,0,6088,-0.8754687373538999,4.605170185988092,8.035602692918582,8.714074899541522,1,0.0958992733989198,0.9041007266010802
LP001789,1,1,3,0,0,6794,528,139,360,0,2,7322,-0.9516300983194639,4.9344739331306915,8.82379514872053,8.898638793680181,1,0.38952397098836655,0.6104760290116334
LP001791,1,1,0,1,1,32000,0,550,360,0,1,32000,0.42381424677636087,6.309918278226516,10.373491181781864,10.373491181781864,0,0.7120213802154032,0.28797861978459677
LP001794,1,1,2,1,1,10890,0,260,12,1,0,10890,3.0757749812275277,5.560681631015528,9.295600215927006,9.295600215927006,1,0.2363031035925266,0.7636968964074734
LP001797,0,0,0,1,0,12941,0,150,300,1,2,12941,-0.6931471805599453,5.0106352940962555,9.46815584482167,9.46815584482167,1,0.3021346934852116,0.6978653065147884
LP001815,1,0,0,0,0,3276,0,90,360,1,1,3276,-1.3862943611198906,4.499809670330265,8.09437844497296,8.09437844497296,1,0.31104469275979674,0.6889553072402033
LP001817,1,0,0,0,1,8703,0,199,360,0,0,8703,-0.5927992067256632,5.293304824724492,9.071423072789514,9.071423072789514,0,0.8032237526182142,0.1967762473817858
LP001818,1,1,1,1,0,4742,717,139,360,1,1,5459,-0.9516300983194639,4.9344739331306915,8.464214266625351,8.605020901781758,1,0.1559208161171013,0.8440791838828987
LP001822,1,0,0,1,0,5900,0,150,360,1,2,5900,-0.8754687373538999,5.0106352940962555,8.68270762989381,8.68270762989381,1,0.2675704585554767,0.7324295414445233
LP001827,1,0,0,1,0,3071,4309,180,360,1,2,7380,-0.6931471805599453,5.19295685089021,8.029758520440822,8.906528917594517,1,0.27717830900911555,0.7228216909908844
LP001831,1,1,0,1,0,2783,1456,113,360,1,2,4239,-1.1587162127378152,4.727387818712341,7.931284761525891,8.352082671352637,1,0.17542092241367113,0.8245790775863289
LP001842,1,0,0,1,0,5000,0,148,360,1,0,5000,-0.8888917576860407,4.997212273764115,8.517193191416238,8.517193191416238,1,0.3145392288850528,0.6854607711149472
LP001853,1,1,1,0,0,2463,2360,117,360,0,2,4823,-1.1239300966523995,4.762173934797756,7.809135398120538,8.481151420068972,0,0.53531463061545,0.46468536938454996
LP001855,1,1,2,1,0,4855,0,72,360,1,0,4855,-1.6094379124341003,4.276666119016055,8.487764380725425,8.487764380725425,1,0.11122445323918506,0.8887755467608149
LP001857,1,0,0,0,1,1599,2474,125,300,1,1,4073,-0.8754687373538999,4.8283137373023015,7.377133712833954,8.312135107648412,1,0.3386840226631964,0.6613159773368036
LP001862,1,1,2,1,1,4246,4246,214,360,1,2,8492,-0.5201280164283042,5.365976015021851,8.353732642263202,9.046879822823147,1,0.12048857033191662,0.8795114296680834
LP001867,1,1,0,1,0,4333,2291,133,350,1,0,6624,-0.9675840262617056,4.890349128221754,8.374015421739909,8.798454696065095,1,0.2326625124590863,0.7673374875409137
LP001878,1,0,1,1,0,5823,2529,187,360,1,1,8352,-0.654995414595569,5.231108616854587,8.66957087183712,9.03025631012242,1,0.24188839453449928,0.7581116054655007
LP001881,1,1,0,0,0,7895,0,143,360,1,0,7895,-0.9232594011902485,4.962844630259907,8.973984926689743,8.973984926689743,1,0.2877350723430747,0.7122649276569253
LP001886,1,0,0,1,0,4150,4256,209,360,1,0,8406,-0.5437697794853446,5.342334251964811,8.330863613224745,9.036701015565063,1,0.3425728623898032,0.6574271376101968
LP001906,1,0,0,1,0,2964,0,84,360,0,1,2964,-1.455287232606842,4.430816798843313,7.994294986415977,7.994294986415977,0,0.6668004047198661,0.3331995952801338
LP001909,1,0,0,1,0,5583,0,116,360,1,2,5583,-1.1325138403437909,4.7535901911063645,8.62748154531036,8.62748154531036,1,0.25609684291609935,0.7439031570839006
LP001911,0,0,0,1,0,2708,0,65,360,1,0,2708,-1.7117167615545186,4.174387269895637,7.903965634032166,7.903965634032166,1,0.26759248682365155,0.7324075131763484
LP001921,1,0,1,1,0,3180,2370,80,240,0,0,5550,-1.0986122886681098,4.382026634673881,8.064636475774222,8.62155320674048,0,0.645361339556985,0.3546386604430149
LP001923,1,0,0,0,0,2268,0,170,360,0,1,2268,-0.750305594399894,5.135798437050262,7.7266536648476425,7.7266536648476425,0,0.7465029134495184,0.25349708655048164
LP001933,1,0,2,0,0,1141,2017,120,360,0,2,3158,-1.0986122886681098,4.787491742782046,7.039660349862076,8.057694194815587,0,0.5348540077463038,0.4651459922536963
LP001943,1,1,0,1,0,3042,3167,135,360,1,2,6209,-0.9808292530117262,4.90527477843843,8.020270472819238,8.733755131364893,1,0.18725929205948844,0.8127407079405116
LP001950,0,1,3,1,0,1750,2935,94,360,0,1,4685,-1.3428092491801518,4.543294782270004,7.4673710669175595,8.452121194672523,1,0.3205321702718522,0.6794678297281478
LP001959,0,1,1,1,0,3564,0,79,360,1,0,3564,-1.516656178983134,4.3694478524670215,8.1786387885907,8.1786387885907,1,0.1525871980890806,0.8474128019109194
LP001961,0,0,0,1,0,3958,0,110,360,1,0,3958,-1.1856236656577395,4.700480365792417,8.28349412616251,8.28349412616251,1,0.3004196852540675,0.6995803147459325
LP001973,1,1,2,0,0,4483,0,130,360,1,0,4483,-1.0185695809945732,4.867534450455582,8.40804774415544,8.40804774415544,1,0.15559341320277198,0.844406586797228
LP001975,1,1,0,1,0,5225,0,143,360,1,0,5225,-0.9232594011902485,4.962844630259907,8.561210076833012,8.561210076833012,1,0.22951423723118536,0.7704857627688146
LP001979,1,0,0,1,0,3017,2845,159,180,0,2,5862,-0.12405264866997888,5.0689042022202315,8.012018239159062,8.676246121270838,0,0.7138847123170403,0.2861152876829597
LP001995,1,1,0,0,0,2431,1820,110,360,0,0,4251,-1.1856236656577395,4.700480365792417,7.796057974316123,8.35490952835879,0,0.6718593590057211,0.32814064099427886
LP001999,1,1,2,1,0,4912,4614,160,360,1,0,9526,-0.8109302162163288,5.075173815233827,8.499436469826978,9.161780181360806,1,0.14166654033192627,0.8583334596680737
LP002007,1,1,2,0,0,2500,3333,131,360,1,2,5833,-1.0109067082490042,4.875197323201151,7.824046010856292,8.671286726753637,1,0.12589206210292125,0.8741079378970787
LP002009,0,0,0,1,0,2918,0,65,360,0,0,2918,-1.7117167615545186,4.174387269895637,7.978653729082731,7.978653729082731,0,0.6839155459187105,0.31608445408128955
LP002016,1,1,2,1,0,5128,0,143,360,1,0,5128,-0.9232594011902485,4.962844630259907,8.542470998600505,8.542470998600505,1,0.12832792882841615,0.8716720711715839
LP002017,1,1,3,1,0,15312,0,187,360,0,2,15312,-0.654995414595569,5.231108616854587,9.636392113692736,9.636392113692736,1,0.3666574255507735,0.6333425744492265
LP002018,1,1,2,1,0,3958,2632,160,360,1,1,6590,-0.8109302162163288,5.075173815233827,8.28349412616251,8.793308627496552,1,0.11977904611003798,0.880220953889962
LP002027,1,1,0,1,0,4334,2945,165,360,1,1,7279,-0.7801585575495751,5.10594547390058,8.374246182096304,8.892748769118258,1,0.21942644484055351,0.7805735551594465
LP002028,1,1,2,1,0,4358,0,110,360,1,2,4358,-1.1856236656577395,4.700480365792417,8.379768515504566,8.379768515504566,1,0.09654103211805165,0.9034589678819483
LP002042,0,1,1,1,0,4000,3917,173,360,1,0,7917,-0.7328124369523767,5.153291594497779,8.294049640102028,8.976767625171433,1,0.18896215616115153,0.8110378438388485
LP002045,1,1,3,1,0,10166,750,150,360,1,2,10916,-0.8754687373538999,5.0106352940962555,9.226804098006848,9.29798488182823,1,0.08269657889618565,0.9173034211038144
LP002046,1,1,0,0,0,4483,0,135,360,0,1,4483,-0.9808292530117262,4.90527477843843,8.40804774415544,8.40804774415544,0,0.6608991361774635,0.33910086382253646
LP002047,1,1,2,0,0,4521,1184,150,360,1,1,5705,-0.8754687373538999,5.0106352940962555,8.416488487294606,8.649098262296176,1,0.14633793801527284,0.8536620619847272
LP002056,1,1,2,1,0,9167,0,235,360,1,1,9167,-0.4265185173059967,5.459585514144159,9.123365357961776,9.123365357961776,1,0.13150960284655144,0.8684903971534486
LP002057,1,1,0,0,0,13083,0,125,360,1,0,13083,-1.0577902941478545,4.8283137373023015,9.479068956510876,9.479068956510876,1,0.29677532552568353,0.7032246744743165
LP002059,1,1,2,1,0,7874,3967,336,360,1,0,11841,-0.06899287148695143,5.817111159963204,8.971321471503682,9.379323364330956,1,0.16011735846828523,0.8398826415317148
LP002062,0,1,1,1,0,4333,0,132,84,1,0,4333,0.4519851237430572,4.882801922586371,8.374015421739909,8.374015421739909,1,0.21427962310240445,0.7857203768975956
LP002064,1,0,0,1,0,4083,0,96,360,1,2,4083,-1.3217558399823195,4.564348191467836,8.314587291319576,8.314587291319576,1,0.2421109890661154,0.7578890109338846
LP002069,1,1,2,0,0,3785,2912,180,360,0,0,6697,-0.6931471805599453,5.19295685089021,8.23880116587155,8.80941494391005,0,0.5452172742963886,0.45478272570361145
LP002070,1,1,3,0,0,2654,1998,128,360,0,0,4652,-1.0340737675305385,4.852030263919617,7.8838232148921525,8.445052513638554,1,0.427418039549882,0.572581960450118
LP002077,1,1,1,1,0,10000,2690,412,360,1,1,12690,0.13491931789937064,6.021023349349527,9.210340371976184,9.448569560708433,1,0.19476625718841323,0.8052337428115868
LP002083,1,0,0,1,1,5833,0,116,360,1,2,5833,-1.1325138403437909,4.7535901911063645,8.671286726753637,8.671286726753637,1,0.26449496861852906,0.7355050313814709
LP002090,1,1,1,1,0,4796,0,114,360,0,1,4796,-1.1499055830556604,4.736198448394496,8.475537516147405,8.475537516147405,0,0.5072418594403134,0.4927581405596866
LP002096,1,1,0,0,0,2000,1600,115,360,1,0,3600,-1.1411719030869056,4.74493212836325,7.600902459542082,8.1886891244442,1,0.2555567275499493,0.7444432724500507
LP002099,1,1,2,1,0,2540,700,104,360,0,2,3240,-1.241713132308783,4.6443908991413725,7.8399193600125825,8.083328608786376,1,0.37338654826920736,0.6266134517307926
LP002102,1,1,0,1,1,1900,1442,88,360,1,0,3342,-1.4087672169719492,4.477336814478207,7.549609165154532,8.114324709155339,1,0.2047176291419497,0.7952823708580503
LP002105,1,1,0,1,1,8706,0,108,480,1,0,8706,-1.491654876777717,4.68213122712422,9.071767722112243,9.071767722112243,1,0.22132886983243216,0.7786711301675678
LP002107,1,1,3,0,0,2855,542,90,360,1,2,3397,-1.3862943611198906,4.499809670330265,7.956827122090111,8.130647968160584,1,0.0825235642776817,0.9174764357223183
LP002111,1,1,0,1,0,3016,1300,100,360,0,2,4316,-1.2809338454620642,4.605170185988092,8.011686729127847,8.370084326378025,0,0.5504222959662044,0.44957770403379566
LP002117,0,1,0,1,0,3159,2374,108,360,1,1,5533,-1.2039728043259361,4.68213122712422,8.058010800802085,8.618485442898109,1,0.200350762381734,0.799649237618266
LP002118,0,0,0,1,0,1937,1152,78,360,1,1,3089,-1.529395204760564,4.356708826689592,7.5688956634069955,8.035602692918582,1,0.24932593335996933,0.7506740666400307
LP002123,1,1,0,1,0,2613,2417,123,360,1,1,5030,-1.073919676077738,4.812184355372417,7.868254265520613,8.523175263093785,1,0.19867720017913149,0.8013227998208685
LP002125,1,1,1,1,0,4960,2600,187,360,1,1,7560,-0.654995414595569,5.231108616854587,8.509161019718974,8.930626469173578,1,0.16939041682059452,0.8306095831794055
LP002148,1,1,1,1,0,3074,1083,146,360,1,1,4157,-0.9024974097418192,4.983606621708336,8.03073492409854,8.332548939252638,1,0.15221975612858674,0.8477802438714133
LP002152,0,0,0,1,0,4213,0,80,360,1,2,4213,-1.5040773967762742,4.382026634673881,8.345930261979017,8.345930261979017,1,0.2382250138928962,0.7617749861071038
LP002165,1,0,1,0,0,2038,4027,100,360,1,0,6065,-1.2809338454620642,4.605170185988092,7.61972421378267,8.71028982137815,1,0.27357102573618974,0.7264289742638103
LP002167,0,0,0,1,0,2362,0,55,360,1,2,2362,-1.8787708462176846,4.007333185232471,7.767263996757308,7.767263996757308,1,0.21244561735829148,0.7875543826417085
LP002168,1,0,0,1,0,5333,2400,200,360,0,0,7733,-0.587786664902119,5.298317366548036,8.581669210600602,8.953252164609035,0,0.7507952636267663,0.24920473637323368
LP002172,1,1,3,1,1,5384,0,150,360,1,1,5384,-0.8754687373538999,5.0106352940962555,8.591186871324563,8.591186871324563,1,0.08803017460027074,0.9119698253997293
LP002176,1,0,0,1,0,5708,0,150,360,1,0,5708,-0.8754687373538999,5.0106352940962555,8.649623978596727,8.649623978596727,1,0.31813592380787026,0.6818640761921297
LP002183,1,1,0,0,0,3754,3719,118,360,1,0,7473,-1.115419406984491,4.770684624465665,8.230577217146454,8.91905180393029,1,0.27785696813351823,0.7221430318664818
LP002184,1,1,0,0,0,2914,2130,150,300,1,2,5044,-0.6931471805599453,5.0106352940962555,7.97728198675515,8.52595469708481,1,0.237327016721125,0.762672983278875
LP002186,1,1,0,0,0,2747,2458,118,36,1,1,5205,1.1871656860095547,4.770684624465665,7.918264686095274,8.557374981049069,1,0.32075757525329474,0.6792424247467053
LP002192,1,1,0,1,0,7830,2183,212,360,1,0,10013,-0.5295177567781432,5.356586274672012,8.965717788984849,9.211639527707803,1,0.2598562200403247,0.7401437799596753
LP002195,1,1,1,1,1,3507,3148,212,360,1,0,6655,-0.5295177567781432,5.356586274672012,8.162516250140179,8.803123730829212,1,0.1922491391250638,0.8077508608749362
LP002208,1,1,1,1,0,3747,2139,125,360,1,2,5886,-1.0577902941478545,4.8283137373023015,8.228710798793687,8.680331928793418,1,0.13789171123681077,0.8621082887631892
LP002212,1,1,0,1,0,2166,2166,108,360,0,2,4332,-1.2039728043259361,4.68213122712422,7.680637427560936,8.37378460812088,0,0.549957673474491,0.450042326525509
LP002240,1,1,0,0,0,3500,2168,149,360,1,0,5668,-0.8821577255046966,5.003946305945459,8.160518247477505,8.64259160081057,1,0.2795600286649019,0.7204399713350981
LP002245,1,1,2,0,0,2896,0,80,480,1,2,2896,-1.791759469228055,4.382026634673881,7.971085753505607,7.971085753505607,1,0.1018424612038854,0.8981575387961146
LP002253,0,0,1,1,0,5062,0,152,300,1,0,5062,-0.6799019538099246,5.0238805208462765,8.529516941105069,8.529516941105069,1,0.2577290350447512,0.7422709649552488
LP002256,0,0,2,1,1,5184,0,187,360,0,1,5184,-0.654995414595569,5.231108616854587,8.55333223803211,8.55333223803211,0,0.5673412181551543,0.4326587818448457
LP002257,0,0,0,1,0,2545,0,74,360,1,2,2545,-1.582038938245986,4.30406509320417,7.841885928984623,7.841885928984623,1,0.22660055793040823,0.7733994420695918
LP002264,1,1,0,1,0,2553,1768,102,360,1,2,4321,-1.2611312181658847,4.624972813284271,7.845024417241484,8.371242135931933,1,0.1715946165527069,0.8284053834472931
LP002270,1,1,1,1,0,3436,3809,100,360,1,0,7245,-1.2809338454620642,4.605170185988092,8.142063283104147,8.888066854754783,1,0.16663652927028327,0.8333634707297167
LP002279,1,0,0,1,0,2412,2755,130,360,1,0,5167,-1.0185695809945732,4.867534450455582,7.788211557847076,8.550047528287184,1,0.3033947293016376,0.6966052706983624
LP002286,1,1,3,0,0,5180,0,125,360,0,2,5180,-1.0577902941478545,4.8283137373023015,8.55256033525353,8.55256033525353,1,0.37462960769162656,0.6253703923083734
LP002294,1,0,0,1,0,14911,14507,130,360,1,1,29418,-1.0185695809945732,4.867534450455582,9.609854474590907,10.289362010879287,1,0.3971739272797138,0.6028260727202862
LP002298,1,0,0,1,1,2860,2988,138,360,1,2,5848,-0.958850346292951,4.927253685157205,7.958576903813898,8.673855001429615,1,0.2679336051235425,0.7320663948764575
LP002306,1,1,0,1,0,1173,1594,28,180,1,0,2767,-1.8607523407150064,3.332204510175204,7.067319848653476,7.925518979786926,1,0.16921721215234997,0.83078278784765
LP002310,0,0,1,1,0,7600,0,92,360,1,1,7600,-1.3643154544011153,4.5217885770490405,8.935903526274423,8.935903526274423,1,0.2155316681163606,0.7844683318836394
LP002311,0,1,0,1,0,2157,1788,104,360,1,2,3945,-1.241713132308783,4.6443908991413725,7.676473646389156,8.280204233279974,1,0.17256583791555202,0.827434162084448
LP002316,1,0,0,1,0,2231,2774,176,360,0,2,5005,-0.7156200364120039,5.170483995038151,7.7102051944325325,8.518192691749322,0,0.6777143002945394,0.3222856997054606
LP002321,0,0,0,1,0,2274,5211,117,360,0,1,7485,-1.1239300966523995,4.762173934797756,7.729295674310482,8.920656296853728,0,0.70203319499758,0.29796680500242007
LP002325,1,1,2,0,0,6166,13983,102,360,1,0,20149,-1.2611312181658847,4.624972813284271,8.726805608446096,9.910909938351766,1,0.20088045463241078,0.7991195453675892
LP002326,1,1,2,0,0,2513,1110,107,360,1,1,3623,-1.2132751969882496,4.672828834461906,7.829232537543592,8.195057690895077,1,0.1304720114678083,0.8695279885321917
LP002329,1,0,0,1,0,4333,0,66,480,1,2,4333,-1.984131361875511,4.189654742026425,8.374015421739909,8.374015421739909,1,0.21203009384013216,0.7879699061598678
LP002333,1,0,0,0,0,3844,0,105,360,1,2,3844,-1.2321436812926323,4.653960350157523,8.254268770090183,8.254268770090183,1,0.29554318038602534,0.7044568196139747
LP002339,1,1,0,1,0,3887,1517,105,360,0,1,5404,-1.2321436812926323,4.653960350157523,8.265392930852224,8.59489469908009,0,0.5910264765995203,0.4089735234004796
LP002344,1,1,0,1,0,3510,828,105,360,1,1,4338,-1.2321436812926323,4.653960350157523,8.163371316459912,8.37516869138682,1,0.1935384043061199,0.8064615956938801
LP002346,1,1,0,1,0,2539,1704,125,360,0,0,4243,-1.0577902941478545,4.8283137373023015,7.839525581704678,8.353025845202325,0,0.6199739504577794,0.38002604954222063
LP002354,0,0,0,0,0,2107,0,64,360,1,1,2107,-1.7272209480904839,4.1588830833596715,7.653020413804189,7.653020413804189,1,0.28935616931773034,0.7106438306822697
LP002355,1,1,0,1,0,3186,3145,150,180,0,1,6331,-0.1823215567939546,5.0106352940962555,8.066521490469993,8.753213480544126,0,0.6478342116949767,0.3521657883050233
LP002358,1,1,2,1,1,5000,2166,150,360,1,2,7166,-0.8754687373538999,5.0106352940962555,8.517193191416238,8.8771028978649,1,0.11154833777790019,0.8884516622220998
LP002360,1,1,0,1,0,10000,0,125,360,1,2,10000,-1.0577902941478545,4.8283137373023015,9.210340371976184,9.210340371976184,1,0.19639997528376496,0.803600024716235
LP002375,1,1,0,0,1,3943,0,64,360,1,1,3943,-1.7272209480904839,4.1588830833596715,8.279697133877628,8.279697133877628,1,0.22207395014625597,0.777926049853744
LP002376,1,0,0,1,0,2925,0,40,180,1,0,2925,-1.5040773967762742,3.6888794541139363,7.981049759665957,7.981049759665957,1,0.2702197784051953,0.7297802215948047
LP002383,1,1,3,1,0,3242,437,142,480,0,2,3679,-1.217959046300676,4.955827057601261,8.08394570229562,8.210396255104774,1,0.2956482984549361,0.7043517015450639
LP002385,1,1,0,1,0,3863,0,70,300,1,1,3863,-1.455287232606842,4.248495242049359,8.259199362666282,8.259199362666282,1,0.18504809391761723,0.8149519060823828
LP002389,0,0,1,1,0,4028,0,131,360,1,1,4028,-1.0109067082490042,4.875197323201151,8.301025253838453,8.301025253838453,1,0.2173232395633241,0.7826767604366759
LP002394,1,1,2,1,0,4010,1025,120,360,1,2,5035,-1.0986122886681098,4.787491742782046,8.296546520300614,8.524168805152662,1,0.09910458127835586,0.9008954187216441
LP002397,0,1,1,1,0,3719,1585,114,360,1,2,5304,-1.1499055830556604,4.736198448394496,8.22121009392507,8.576216531865699,1,0.13645154069151755,0.8635484593084825
LP002399,1,0,0,1,0,2858,0,123,360,0,0,2858,-1.073919676077738,4.812184355372417,7.957877358489813,7.957877358489813,0,0.7113928034488823,0.2886071965511176
LP002400,0,1,0,1,0,3833,0,92,360,1,0,3833,-1.3643154544011153,4.5217885770490405,8.251403065380556,8.251403065380556,1,0.21091825528295371,0.7890817447170463
LP002402,1,1,0,1,0,3333,4288,160,360,1,2,7621,-0.8109302162163288,5.075173815233827,8.11162807830774,8.938662873666118,1,0.19772300236269702,0.802276997637303
LP002412,1,1,0,1,0,3007,3725,151,360,1,0,6732,-0.8688241946352313,5.017279836814924,8.008698182988528,8.814627555310697,1,0.23377338511800216,0.7662266148819978
LP002415,0,0,1,1,0,1850,4583,81,360,0,0,6433,-1.491654876777717,4.394449154672439,7.52294091807237,8.769196271411001,0,0.6242608061314995,0.3757391938685005
LP002417,1,1,3,0,0,2792,2619,171,360,1,1,5411,-0.7444404749474959,5.14166355650266,7.934513463882263,8.596189197642735,1,0.10764699086300245,0.8923530091369976
LP002420,1,1,0,1,0,2982,1550,110,360,1,1,4532,-1.1856236656577395,4.700480365792417,8.000349495324684,8.418918622147897,1,0.19453353101731408,0.8054664689826859
LP002425,1,0,0,1,0,3417,738,100,360,0,0,4155,-1.2809338454620642,4.605170185988092,8.136518252115291,8.332067707289548,0,0.7075588603359808,0.2924411396640192
LP002433,1,1,1,1,0,18840,0,234,360,1,0,18840,-0.4307829160924542,5.455321115357702,9.843737548130354,9.843737548130354,1,0.21513660081859587,0.7848633991814041
LP002440,1,1,2,1,0,2995,1120,184,360,1,0,4115,-0.6711682738411702,5.214935757608986,8.00469951054955,8.32239411311117,1,0.12966449263149726,0.8703355073685027
LP002441,1,0,0,1,0,3579,3308,138,360,0,1,6887,-0.958850346292951,4.927253685157205,8.182838710766026,8.837390855544697,0,0.7076439522241331,0.29235604777586693
LP002442,0,1,1,0,0,3835,1400,112,480,0,2,5235,-1.455287232606842,4.718498871295094,8.251924713801357,8.563122123304638,0,0.523778290573503,0.476221709426497
LP002445,0,0,1,0,0,3854,3575,117,360,1,0,7429,-1.1239300966523995,4.762173934797756,8.256866848974312,8.913146539151807,1,0.29751693637695664,0.7024830636230434
LP002450,1,1,2,1,0,5833,750,49,360,0,0,6583,-1.9942837333395291,3.8918202981106265,8.671286726753637,8.792245847467877,1,0.40812375685511526,0.5918762431448847
LP002471,1,0,0,1,0,3508,0,99,360,1,0,3508,-1.2909841813155656,4.59511985013459,8.162801353492073,8.162801353492073,1,0.2890363957148596,0.7109636042851404
LP002476,0,1,3,0,0,1635,2444,99,360,1,2,4079,-1.2909841813155656,4.59511985013459,7.399398083331354,8.313607139317558,1,0.0836625896534322,0.9163374103465678
LP002482,0,0,0,1,1,3333,3916,212,360,1,0,7249,-0.5295177567781432,5.356586274672012,8.11162807830774,8.888618807300878,1,0.3487634951055787,0.6512365048944213
LP002485,1,0,1,1,0,24797,0,240,360,1,1,24797,-0.40546510810816444,5.480638923341991,10.118477957093951,10.118477957093951,1,0.2842422861908215,0.7157577138091785
LP002495,1,1,2,1,0,5667,440,130,360,0,1,6107,-1.0185695809945732,4.867534450455582,8.64241515616962,8.717190933223135,1,0.4334135594606632,0.5665864405393368
LP002496,0,0,0,1,0,3500,0,94,360,0,1,3500,-1.3428092491801518,4.543294782270004,8.160518247477505,8.160518247477505,0,0.6802839777696779,0.3197160222303222
LP002523,1,1,3,1,0,2773,1497,108,360,1,1,4270,-1.2039728043259361,4.68213122712422,7.927685045615778,8.35936910622267,1,0.07673460327364123,0.9232653967263588
LP002542,1,1,0,1,0,6500,0,144,360,1,2,6500,-0.916290731874155,4.969813299576001,8.779557455883728,8.779557455883728,1,0.19247129829769027,0.8075287017023097
LP002550,0,0,0,1,0,5769,0,110,180,1,1,5769,-0.49247648509779407,4.700480365792417,8.660254034256889,8.660254034256889,1,0.31524290587175574,0.6847570941282443
LP002551,1,1,3,0,0,3634,910,176,360,0,1,4544,-0.7156200364120039,5.170483995038151,8.198089248956116,8.421562960400987,1,0.41548357437065897,0.584516425629341
LP002553,1,0,0,1,0,29167,0,185,360,1,1,29167,-0.665748206371831,5.220355825078324,10.280793212183719,10.280793212183719,1,0.36155824202358566,0.6384417579764143
LP002554,1,0,0,1,0,2166,2057,122,360,1,1,4223,-1.082082986716899,4.804021044733257,7.680637427560936,8.348301054933943,1,0.2703771528514657,0.7296228471485343
LP002561,1,1,0,1,0,5000,0,126,360,1,0,5000,-1.0498221244986778,4.836281906951478,8.517193191416238,8.517193191416238,1,0.22413544547082165,0.7758645545291784
LP002566,0,0,0,1,0,5530,0,135,360,0,2,5530,-0.9808292530117262,4.90527477843843,8.61794309451638,8.61794309451638,0,0.6805877623147834,0.3194122376852167
LP002568,1,0,0,0,0,9000,0,122,360,1,0,9000,-1.082082986716899,4.804021044733257,9.104979856318357,9.104979856318357,1,0.3792458365304604,0.6207541634695396
LP002570,0,1,2,1,0,10000,11666,460,360,1,2,21666,0.2451224580329849,6.131226489483141,9.210340371976184,9.983499490505512,1,0.1604607249748482,0.8395392750251518
LP002572,1,1,1,1,0,8750,0,297,360,1,2,8750,-0.19237189264745613,5.6937321388027,9.07680897935166,9.07680897935166,1,0.16240367315177517,0.8375963268482248
LP002581,1,1,0,0,0,2157,2730,140,360,0,0,4887,-0.9444616088408514,4.941642422609304,7.676473646389156,8.494333897270154,0,0.6838481464700912,0.3161518535299088
LP002584,1,0,0,1,0,1972,4347,106,360,1,0,6319,-1.2226649373380885,4.663439094112067,7.586803535162581,8.751316246773456,1,0.29595071286005203,0.704049287139948
LP002592,1,0,0,1,0,4983,0,141,360,1,2,4983,-0.9373441410719874,4.948759890378168,8.513787398281405,8.513787398281405,1,0.2616892938292944,0.7383107061707056
LP002593,1,1,1,1,0,8333,4000,125,360,1,2,12333,-1.0577902941478545,4.8283137373023015,9.027978814382207,9.420033875565988,1,0.15544396930280713,0.8445560306971929
LP002599,1,1,0,1,0,3667,2000,170,360,1,1,5667,-0.750305594399894,5.135798437050262,8.207129168071326,8.64241515616962,1,0.21386356719764232,0.7861364328023577
LP002604,1,1,2,1,0,3166,2833,145,360,1,2,5999,-0.9093702890295813,4.976733742420574,8.060224240440958,8.699348067653093,1,0.10353358829410897,0.896466411705891
LP002605,1,0,0,0,0,3271,0,90,360,1,0,3271,-1.3862943611198906,4.499809670330265,8.092851027538384,8.092851027538384,1,0.3382153188842568,0.6617846811157432
LP002609,0,1,0,1,0,2241,2000,88,360,0,2,4241,-1.4087672169719492,4.477336814478207,7.714677473800927,8.352554369474591,0,0.5431344076150163,0.4568655923849837
LP002610,1,1,1,0,0,1792,2565,128,360,1,2,4357,-1.0340737675305385,4.852030263919617,7.491087593534876,8.379539026117442,1,0.16226032919266586,0.8377396708073341
LP002612,0,1,0,1,0,2666,0,84,480,1,1,2666,-1.742969305058623,4.430816798843313,7.888334500738654,7.888334500738654,1,0.17030095258062827,0.8296990474193717
LP002614,1,0,0,1,0,6478,0,108,360,1,1,6478,-1.2039728043259361,4.68213122712422,8.776167099731275,8.776167099731275,1,0.28056251799651666,0.7194374820034833
LP002630,1,0,0,0,0,3808,0,83,360,1,0,3808,-1.4672634236535578,4.418840607796598,8.244859395911256,8.244859395911256,1,0.3370007613481619,0.6629992386518381
LP002635,0,1,2,0,0,3729,0,117,360,1,1,3729,-1.1239300966523995,4.762173934797756,8.22389538017882,8.22389538017882,1,0.1374710919566574,0.8625289080433426
LP002639,1,1,2,1,0,4120,0,128,360,1,0,4120,-1.0340737675305385,4.852030263919617,8.323608442343572,8.323608442343572,1,0.12340690782421615,0.8765930921757839
LP002644,1,1,1,1,1,7500,0,75,360,1,2,7500,-1.5686159179138452,4.31748811353631,8.922658299524402,8.922658299524402,1,0.13265108489002042,0.8673489151099796
LP002651,1,1,1,1,0,6300,0,125,360,0,2,6300,-1.0577902941478545,4.8283137373023015,8.748304912379623,8.748304912379623,1,0.488506275564658,0.511493724435342
LP002654,0,0,0,1,1,14987,0,177,360,1,0,14987,-0.7099542988763266,5.176149732573829,9.614938437644996,9.614938437644996,1,0.36786357675544534,0.6321364232445547
LP002657,1,1,1,0,1,570,2125,68,360,1,0,2695,-1.666596326274049,4.219507705176107,6.345636360828596,7.899153483343097,1,0.16384047338224106,0.8361595266177589
LP002711,1,1,0,1,0,2600,700,96,360,1,1,3300,-1.3217558399823195,4.564348191467836,7.8632667240095735,8.101677747454572,1,0.18554273106067254,0.8144572689393275
LP002712,1,0,2,0,0,2733,1083,180,360,0,1,3816,-0.6931471805599453,5.19295685089021,7.913155185928068,8.246958032568177,0,0.6030209508645741,0.3969790491354259
LP002721,1,1,2,1,1,7500,0,183,360,1,0,7500,-0.6766178786087348,5.209486152841421,8.922658299524402,8.922658299524402,1,0.14326661950759645,0.8567333804924036
LP002735,1,1,2,0,0,3859,0,121,360,1,0,3859,-1.0903134858534145,4.795790545596741,8.258163361537619,8.258163361537619,1,0.15171604406975703,0.848283955930243
LP002744,1,1,1,1,0,6825,0,162,360,1,0,6825,-0.7985076962177716,5.087596335232384,8.82834762005316,8.82834762005316,1,0.18110636374197808,0.8188936362580219
LP002745,1,1,0,1,0,3708,4700,132,360,1,1,8408,-1.0033021088637848,4.882801922586371,8.218247926685745,9.036938912556787,1,0.2153374386294401,0.7846625613705599
LP002746,1,0,0,1,0,5314,0,147,360,1,2,5314,-0.8956714446714193,4.990432586778736,8.57810012631976,8.57810012631976,1,0.2645992126950856,0.7354007873049144
LP002747,0,0,3,1,0,2366,5272,153,360,0,0,7638,-0.8556661100577202,5.030437921392435,7.768956044538332,8.940891067785461,1,0.497021063540119,0.502978936459881
LP002754,1,0,0,1,0,2066,2108,104,84,1,2,4174,0.2135741002980591,4.6443908991413725,7.633369649679584,8.336630087637147,1,0.2937482144724416,0.7062517855275584
LP002759,1,1,2,1,0,5000,0,149,360,1,0,5000,-0.8821577255046966,5.003946305945459,8.517193191416238,8.517193191416238,1,0.1289448031062007,0.8710551968937993
LP002760,0,0,0,1,0,3767,0,134,300,1,2,3767,-0.8059426747052897,4.897839799950911,8.23403420769204,8.23403420769204,1,0.2671692031338204,0.7328307968661796
LP002766,0,1,0,1,0,7859,879,165,180,1,1,8738,-0.08701137698962981,5.10594547390058,8.969414650866176,9.075436609511382,1,0.25594946562981746,0.7440505343701825
LP002769,0,1,0,1,0,4283,0,120,360,1,0,4283,-1.0986122886681098,4.787491742782046,8.36240897761537,8.36240897761537,1,0.22298713303153972,0.7770128669684603
LP002774,1,1,0,0,0,1700,2900,67,360,0,2,4600,-1.6814114120591896,4.204692619390966,7.438383530044307,8.433811582477187,0,0.5817644046505684,0.41823559534943155
LP002775,1,0,0,0,0,4768,0,125,360,1,0,4768,-1.0577902941478545,4.8283137373023015,8.469682208745185,8.469682208745185,1,0.3633589071336232,0.6366410928663768
LP002781,1,0,0,1,0,3083,2738,120,360,1,2,5821,-1.0986122886681098,4.787491742782046,8.03365842788615,8.669227347271736,1,0.25539397531787833,0.7446060246821217
LP002782,1,1,1,1,0,2667,1542,148,360,1,0,4209,-0.8888917576860407,4.997212273764115,7.888709524182015,8.344980368770571,1,0.16836925695697558,0.8316307430430244
LP002786,0,1,0,0,0,1647,1762,181,360,1,2,3409,-0.68760700018433,5.198497031265826,7.4067107301776405,8.134174272137903,1,0.22696762217731425,0.7730323778226857
LP002790,1,1,3,1,0,3400,0,80,120,1,2,3400,-0.40546510810816444,4.382026634673881,8.131530710604252,8.131530710604252,1,0.07864577347442858,0.9213542265255714
LP002791,1,0,1,1,0,16000,5000,40,360,1,1,21000,-2.1972245773362196,3.6888794541139363,9.680344001221918,9.95227771670556,1,0.21571502945597654,0.7842849705440235
LP002793,1,1,0,1,0,5333,0,90,360,1,0,5333,-1.3862943611198906,4.499809670330265,8.581669210600602,8.581669210600602,1,0.21231400340781015,0.7876859965921899
LP002802,1,0,0,1,0,2875,2416,95,6,0,1,5291,2.762117422372486,4.553876891600541,7.963807953231451,8.57376254290413,0,0.7940655414906072,0.20593445850939288
LP002803,1,1,1,0,0,2600,618,122,360,1,1,3218,-1.082082986716899,4.804021044733257,7.8632667240095735,8.076515327552329,1,0.179425597560132,0.820574402439868
LP002805,1,1,2,1,0,5041,700,150,360,1,2,5741,-0.8754687373538999,5.0106352940962555,8.525359754082631,8.655388690167637,1,0.10498660429689965,0.8950133957031003
LP002806,1,1,3,1,1,6958,1411,150,360,1,0,8369,-0.8754687373538999,5.0106352940962555,8.847647355711887,9.032289682032873,1,0.10388772722880735,0.8961122727711927
LP002816,1,1,1,1,0,3500,1658,104,360,0,1,5158,-1.241713132308783,4.6443908991413725,8.160518247477505,8.54830418644129,0,0.5015188930202075,0.4984811069797926
LP002823,1,1,0,1,0,5509,0,143,360,1,0,5509,-0.9232594011902485,4.962844630259907,8.614138397472717,8.614138397472717,1,0.2305070152541555,0.7694929847458445
LP002825,1,1,3,1,0,9699,0,300,360,1,2,9699,-0.1823215567939546,5.703782474656201,9.179778066393542,9.179778066393542,1,0.08878175992833692,0.9112182400716631
LP002826,0,1,1,0,0,3621,2717,171,360,1,2,6338,-0.7444404749474959,5.14166355650266,8.19450550976564,8.754318540250866,1,0.18447928888942533,0.8155207111105747
LP002843,0,1,0,1,0,4709,0,113,360,1,1,4709,-1.1587162127378152,4.727387818712341,8.457230850243555,8.457230850243555,1,0.20162123521627362,0.7983787647837264
LP002849,1,1,0,1,0,1516,1951,35,360,1,1,3467,-2.330755969960742,3.5553480614894135,7.323830566202317,8.151044945685024,1,0.14465550413752504,0.855344495862475
LP002850,1,0,2,1,0,2400,0,46,360,1,2,2400,-2.0574626349610607,3.828641396489095,7.783224016336037,7.783224016336037,1,0.11116908819211258,0.8888309118078874
LP002853,0,0,0,0,0,3015,2000,145,360,0,2,5015,-0.9093702890295813,4.976733742420574,8.011355109161286,8.520188700396035,0,0.7314314809092123,0.2685685190907877
LP002856,1,1,0,1,0,2292,1558,119,360,1,2,3850,-1.1069805383386264,4.77912349311153,7.73718007783463,8.25582842728183,1,0.1744478731717366,0.8255521268282634
LP002857,1,1,1,1,1,2360,3355,87,240,1,0,5715,-1.0147308046874075,4.465908118654584,7.7664168980196555,8.65084957622891,1,0.17400648498842208,0.8259935150115779
LP002858,0,0,0,1,0,4333,2333,162,360,0,0,6666,-0.7985076962177716,5.087596335232384,8.374015421739909,8.804775258867686,0,0.7427394669442038,0.2572605330557962
LP002860,1,1,0,1,1,2623,4831,122,180,1,1,7454,-0.3889358061569538,4.804021044733257,7.872073979866873,8.916506080039204,1,0.23994786132115453,0.7600521386788455
LP002867,1,0,0,1,1,3972,4275,187,360,1,0,8247,-0.654995414595569,5.231108616854587,8.287025025165063,9.017604776833355,1,0.3462458924616634,0.6537541075383366
LP002869,1,1,3,0,0,3522,0,81,180,1,0,3522,-0.7985076962177716,4.394449154672439,8.166784289056151,8.166784289056151,1,0.11725546395984965,0.8827445360401504
LP002870,1,1,1,1,0,4700,0,80,360,1,2,4700,-1.5040773967762742,4.382026634673881,8.45531778769815,8.45531778769815,1,0.12430910180856225,0.8756908981914377
LP002876,1,0,0,1,0,6858,0,176,360,1,0,6858,-0.7156200364120039,5.170483995038151,8.833171133022866,8.833171133022866,1,0.3291463157557829,0.6708536842442171
LP002878,1,1,3,1,0,8334,0,260,360,1,2,8334,-0.325422400434628,5.560681631015528,9.0280988119824,9.0280988119824,1,0.08603158644454334,0.9139684135554567
LP002879,1,1,0,1,0,3391,1966,133,360,0,0,5357,-0.9957549032284019,4.890349128221754,8.128880142125638,8.58615939588096,0,0.6312732599666832,0.36872674003331685
LP002885,1,0,0,0,0,2868,0,70,360,1,2,2868,-1.6376087894007967,4.248495242049359,7.961370201719511,7.961370201719511,1,0.27031521874244213,0.7296847812575579
LP002890,1,1,2,0,0,3418,1380,135,360,1,2,4798,-0.9808292530117262,4.90527477843843,8.136810863675537,8.47595444339964,1,0.12620672804247346,0.8737932719575265
LP002891,1,1,0,1,1,2500,296,137,300,1,0,2796,-0.7838015488280762,4.919980925828125,7.824046010856292,7.935945103353701,1,0.2314524650636428,0.7685475349363572
LP002899,1,1,2,1,0,8667,0,254,360,1,0,8667,-0.34876976443161906,5.537334267018537,9.067277989134345,9.067277989134345,1,0.14664920946177462,0.8533507905382254
LP002901,1,0,0,1,0,2283,15000,106,360,0,0,17283,-1.2226649373380885,4.663439094112067,7.733245646529795,9.757478638400492,0,0.7633505320947432,0.23664946790525673
LP002907,1,1,0,1,0,5817,910,109,360,1,2,6727,-1.1947561492210121,4.6913478822291435,8.668539943910762,8.813884558025606,1,0.18435790252248185,0.8156420974775181
LP002920,1,1,0,1,0,5119,3769,120,360,1,0,8888,-1.0986122886681098,4.787491742782046,8.540714386457584,9.092457331319466,1,0.23667504529709893,0.7633249547029011
LP002921,1,1,3,0,0,5316,187,158,180,0,1,5503,-0.13036181786324358,5.062595033026967,8.578476419833136,8.613048677059759,1,0.4552547701881259,0.5447452298118741
LP002932,1,1,3,1,0,7603,1213,197,360,1,2,8816,-0.6029003027121671,5.2832037287379885,8.936298185228436,9.084323531392696,1,0.0842154564330545,0.9157845435669455
LP002935,1,1,1,1,0,3791,1936,85,360,1,2,5727,-1.4434527749598391,4.442651256490317,8.240385115516334,8.652947112393857,1,0.127448049268161,0.872551950731839
LP002952,1,0,0,1,0,2500,0,60,360,1,2,2500,-1.791759469228055,4.0943445622221,7.824046010856292,7.824046010856292,1,0.21381799566377757,0.7861820043362224
LP002954,1,1,2,0,0,3132,0,76,360,0,0,3132,-1.5553706911638245,4.330733340286331,8.049427057110695,8.049427057110695,1,0.4807998937378968,0.5192001062621032
LP002962,1,0,0,1,0,4000,2667,152,360,1,1,6667,-0.8622235106038793,5.0238805208462765,8.294049640102028,8.80492526261806,1,0.2953142156724624,0.7046857843275376
LP002965,0,1,0,1,0,8550,4255,96,360,0,2,12805,-1.3217558399823195,4.564348191467836,9.053686561930807,9.457590998633625,0,0.598955014292265,0.401044985707735
LP002969,1,1,1,1,0,2269,2167,99,360,1,1,4436,-1.2909841813155656,4.59511985013459,7.727094484779841,8.397508348470257,1,0.14016088166505258,0.8598391183349474
LP002971,1,1,3,0,1,4009,1777,113,360,1,2,5786,-1.1587162127378152,4.727387818712341,8.296297112642508,8.66319648553608,1,0.09441380496093021,0.9055861950390698
LP002975,1,1,0,1,0,4158,709,115,360,1,2,4867,-1.1411719030869056,4.74493212836325,8.332789468417959,8.490233009833455,1,0.18008945569975443,0.8199105443002456
LP002980,1,0,0,1,0,3250,1993,126,360,0,1,5243,-1.0498221244986778,4.836281906951478,8.086410275323782,8.564649132572534,0,0.6959357893335218,0.3040642106664781
LP002986,1,1,0,1,0,5000,2393,158,360,1,0,7393,-0.8235089984231889,5.062595033026967,8.517193191416238,8.9082888855571,1,0.24084738769951552,0.7591526123004845
LP002989,1,0,0,1,1,9200,0,98,180,1,0,9200,-0.6079893722196386,4.584967478670572,9.126958763037132,9.126958763037132,1,0.3538072397787809,0.6461927602212191
